-- phpMyAdmin SQL Dump
-- version 5.2.1
-- https://www.phpmyadmin.net/
--
-- Host: 127.0.0.1
-- Generation Time: Oct 20, 2024 at 01:45 PM
-- Server version: 10.4.32-MariaDB
-- PHP Version: 8.2.12

SET SQL_MODE = "NO_AUTO_VALUE_ON_ZERO";
START TRANSACTION;
SET time_zone = "+00:00";


/*!40101 SET @OLD_CHARACTER_SET_CLIENT=@@CHARACTER_SET_CLIENT */;
/*!40101 SET @OLD_CHARACTER_SET_RESULTS=@@CHARACTER_SET_RESULTS */;
/*!40101 SET @OLD_COLLATION_CONNECTION=@@COLLATION_CONNECTION */;
/*!40101 SET NAMES utf8mb4 */;

--
-- Database: `sparkz`
--

-- --------------------------------------------------------

--
-- Table structure for table `booking`
--

CREATE TABLE `booking` (
  `booking_id` int(10) NOT NULL,
  `customer_id` int(10) NOT NULL,
  `room_id` int(10) NOT NULL,
  `booking_date` timestamp NOT NULL DEFAULT current_timestamp(),
  `check_in` varchar(100) DEFAULT NULL,
  `check_out` varchar(100) NOT NULL,
  `total_price` int(10) NOT NULL,
  `remaining_price` int(10) NOT NULL,
  `payment_status` tinyint(1) NOT NULL
) ENGINE=InnoDB DEFAULT CHARSET=latin1 COLLATE=latin1_swedish_ci;

--
-- Dumping data for table `booking`
--

INSERT INTO `booking` (`booking_id`, `customer_id`, `room_id`, `booking_date`, `check_in`, `check_out`, `total_price`, `remaining_price`, `payment_status`) VALUES
(1, 1, 1, '2022-07-27 12:36:36', '27-07-2022', '30-07-2022', 4000, 3000, 0),
(2, 2, 3, '2022-07-27 12:37:56', '27-07-2022', '28-07-2022', 2000, 2000, 0),
(3, 3, 4, '2022-07-27 12:54:20', '27-07-2022', '29-07-2022', 4500, 4500, 0),
(4, 4, 10, '2022-07-28 17:16:22', '28-07-2022', '31-07-2022', 8000, 0, 1);

-- --------------------------------------------------------

--
-- Table structure for table `complaint`
--

CREATE TABLE `complaint` (
  `id` int(11) NOT NULL,
  `complainant_name` varchar(100) NOT NULL,
  `complaint_type` varchar(100) NOT NULL,
  `complaint` varchar(200) NOT NULL,
  `created_at` timestamp NOT NULL DEFAULT current_timestamp(),
  `resolve_status` tinyint(1) NOT NULL,
  `resolve_date` timestamp NULL DEFAULT current_timestamp() ON UPDATE current_timestamp(),
  `budget` int(11) DEFAULT NULL
) ENGINE=InnoDB DEFAULT CHARSET=latin1 COLLATE=latin1_swedish_ci;

--
-- Dumping data for table `complaint`
--

INSERT INTO `complaint` (`id`, `complainant_name`, `complaint_type`, `complaint`, `created_at`, `resolve_status`, `resolve_date`, `budget`) VALUES
(1, 'Sliding Window issue', 'Infrastructural', 'Room No. A-1001 Sliding Window is not working smoothly.', '2022-07-27 12:43:28', 1, '2022-07-28 17:18:47', 5000),
(2, 'No hot water', 'Infrastructural', 'No hot water available in cold days.', '2022-07-27 12:46:35', 0, '2022-07-27 12:46:35', NULL),
(3, 'Temperature of their room', 'Infrastructural', 'The temperature of their room is not maintained by AC.', '2022-07-27 12:47:08', 0, '2022-07-27 12:47:08', NULL),
(4, 'Hotel staff Ishan', 'Staff', 'bad behavior of hotel staff ', '2022-07-27 12:48:35', 0, '2022-07-27 12:48:35', NULL),
(5, 'Cleanness in Lobby. ', 'Infrastructural', 'There was mud in lobby.', '2022-07-28 17:19:31', 1, '2022-07-28 17:19:40', 200);

-- --------------------------------------------------------

--
-- Table structure for table `customer`
--

CREATE TABLE `customer` (
  `customer_id` int(10) NOT NULL,
  `customer_name` varchar(100) NOT NULL,
  `contact_no` bigint(20) NOT NULL,
  `email` varchar(100) NOT NULL,
  `id_card_type_id` int(10) NOT NULL,
  `id_card_no` varchar(20) NOT NULL,
  `address` varchar(100) NOT NULL
) ENGINE=InnoDB DEFAULT CHARSET=latin1 COLLATE=latin1_swedish_ci;

--
-- Dumping data for table `customer`
--

INSERT INTO `customer` (`customer_id`, `customer_name`, `contact_no`, `email`, `id_card_type_id`, `id_card_no`, `address`) VALUES
(1, 'Sudharkar Joshi', 9090909090, 'sudhakarjoshi@gmail.com', 1, '121212121212', 'Plot No.9, Joshi Bhavan, Ghankar Lane, Shivaji Maharaj Nagar, Pune'),
(2, 'Advik Pethkar', 8080808080, 'advikpethkar@gmail.com', 1, '232323232323', 'Plot No.12, near Udyog Bhawan, Paithnkar Colony, Satara'),
(3, 'Swara Bhaskar', 7070708080, 'swarabhaskar8@gmail.com', 1, '123123123123', 'Atur Foundation House,4, Dr Babasaheb Ambedkar Road Above Nehru Memorial hall, Camp, Pune, Maharasht'),
(4, 'Pratik Gaikwad', 9090908070, 'pratik@gmail.com', 1, '777777888977', 'Flat No.99, Vidhan Complex, near Panipat Station, MH, India');

-- --------------------------------------------------------

--
-- Table structure for table `emp_history`
--

CREATE TABLE `emp_history` (
  `id` int(11) NOT NULL,
  `emp_id` int(11) NOT NULL,
  `shift_id` int(11) NOT NULL,
  `from_date` timestamp NOT NULL DEFAULT current_timestamp(),
  `to_date` timestamp NULL DEFAULT NULL,
  `created_at` timestamp NOT NULL DEFAULT current_timestamp()
) ENGINE=InnoDB DEFAULT CHARSET=latin1 COLLATE=latin1_swedish_ci;

--
-- Dumping data for table `emp_history`
--

INSERT INTO `emp_history` (`id`, `emp_id`, `shift_id`, `from_date`, `to_date`, `created_at`) VALUES
(1, 1, 1, '2022-07-27 12:42:35', NULL, '2022-07-27 12:42:35'),
(2, 2, 1, '2022-07-27 12:52:46', NULL, '2022-07-27 12:52:46'),
(3, 3, 2, '2022-07-28 17:18:18', '2022-07-28 13:48:29', '2022-07-28 17:18:18'),
(4, 3, 2, '2022-07-28 17:18:29', NULL, '2022-07-28 17:18:29');

-- --------------------------------------------------------

--
-- Table structure for table `id_card_type`
--

CREATE TABLE `id_card_type` (
  `id_card_type_id` int(10) NOT NULL,
  `id_card_type` varchar(100) NOT NULL
) ENGINE=InnoDB DEFAULT CHARSET=latin1 COLLATE=latin1_swedish_ci;

--
-- Dumping data for table `id_card_type`
--

INSERT INTO `id_card_type` (`id_card_type_id`, `id_card_type`) VALUES
(1, 'National Identity Card'),
(2, 'Voter Id Card'),
(3, 'Pan Card'),
(4, 'Driving License');

-- --------------------------------------------------------

--
-- Table structure for table `room`
--

CREATE TABLE `room` (
  `room_id` int(10) NOT NULL,
  `room_type_id` int(10) NOT NULL,
  `room_no` varchar(10) NOT NULL,
  `status` tinyint(1) DEFAULT NULL,
  `check_in_status` tinyint(1) NOT NULL,
  `check_out_status` tinyint(1) NOT NULL,
  `deleteStatus` tinyint(1) DEFAULT 0
) ENGINE=InnoDB DEFAULT CHARSET=latin1 COLLATE=latin1_swedish_ci;

--
-- Dumping data for table `room`
--

INSERT INTO `room` (`room_id`, `room_type_id`, `room_no`, `status`, `check_in_status`, `check_out_status`, `deleteStatus`) VALUES
(1, 1, 'A-1001', 1, 1, 0, 0),
(2, 1, 'A-1002', NULL, 0, 0, 0),
(3, 1, 'A-1003', 1, 0, 0, 0),
(4, 2, 'B-1001', 1, 0, 0, 0),
(5, 2, 'B-1002', NULL, 0, 0, 0),
(6, 2, 'B-1003', NULL, 0, 0, 0),
(7, 3, 'C-1001', NULL, 0, 0, 0),
(8, 3, 'C-1003', NULL, 0, 0, 0),
(9, 3, 'C-1002', NULL, 0, 0, 0),
(10, 3, 'C-1004', NULL, 0, 1, 0);

-- --------------------------------------------------------

--
-- Table structure for table `room_type`
--

CREATE TABLE `room_type` (
  `room_type_id` int(10) NOT NULL,
  `room_type` varchar(100) NOT NULL,
  `price` int(10) NOT NULL,
  `max_person` int(10) NOT NULL
) ENGINE=InnoDB DEFAULT CHARSET=latin1 COLLATE=latin1_swedish_ci;

--
-- Dumping data for table `room_type`
--

INSERT INTO `room_type` (`room_type_id`, `room_type`, `price`, `max_person`) VALUES
(1, 'Single', 1000, 1),
(2, 'Double', 1500, 2),
(3, 'Triple', 2000, 3),
(4, 'Family', 3000, 2),
(5, 'King Sized', 5500, 4),
(6, 'Master Suite', 6500, 6),
(7, 'Mini-Suite', 3600, 3),
(8, 'Connecting Rooms', 8000, 6),
(9, 'Presidential Suite', 21000, 4),
(10, 'Murphy Room', 6900, 3);

-- --------------------------------------------------------

--
-- Table structure for table `shift`
--

CREATE TABLE `shift` (
  `shift_id` int(10) NOT NULL,
  `shift` varchar(100) NOT NULL,
  `shift_timing` varchar(100) NOT NULL
) ENGINE=InnoDB DEFAULT CHARSET=latin1 COLLATE=latin1_swedish_ci;

--
-- Dumping data for table `shift`
--

INSERT INTO `shift` (`shift_id`, `shift`, `shift_timing`) VALUES
(1, 'Morning', '5:00 AM - 10:00 AM'),
(2, 'Day', '10:00 AM - 4:00PM'),
(3, 'Evening', '4:00 PM - 10:00 PM'),
(4, 'Night', '10:00PM - 5:00AM');

-- --------------------------------------------------------

--
-- Table structure for table `staff`
--

CREATE TABLE `staff` (
  `emp_id` int(11) NOT NULL,
  `emp_name` varchar(100) NOT NULL,
  `staff_type_id` int(11) NOT NULL,
  `shift_id` int(11) NOT NULL,
  `id_card_type` int(11) NOT NULL,
  `id_card_no` varchar(20) NOT NULL,
  `address` varchar(100) NOT NULL,
  `contact_no` bigint(20) NOT NULL,
  `salary` bigint(20) NOT NULL,
  `joining_date` timestamp NOT NULL DEFAULT current_timestamp(),
  `updated_at` timestamp NOT NULL DEFAULT current_timestamp() ON UPDATE current_timestamp()
) ENGINE=InnoDB DEFAULT CHARSET=latin1 COLLATE=latin1_swedish_ci;

--
-- Dumping data for table `staff`
--

INSERT INTO `staff` (`emp_id`, `emp_name`, `staff_type_id`, `shift_id`, `id_card_type`, `id_card_no`, `address`, `contact_no`, `salary`, `joining_date`, `updated_at`) VALUES
(1, 'Prathamesh Patil', 1, 1, 1, '123212321232', 'Seren Madozs, Kanchan Ganga Nagar, Pune', 4545454545, 50000, '2022-07-27 12:42:35', '2022-07-27 12:42:35'),
(2, 'Ishan Choudhary', 2, 1, 1, '808080808080', 'behind jogeshwari misal, opp. adora society, Vinode Nagar, Phase 1, Hinjewadi Rajiv Gandhi Infotech ', 7070707070, 30000, '0000-00-00 00:00:00', '2022-07-27 12:52:59'),
(3, 'Rohit Gaikwad', 1, 2, 1, '123231232132', 'Flat No.101, Vastuvishwa Appartment, Dev Nagar, Alandi, Pune', 5767576757, 76000, '2022-07-28 17:18:18', '2022-07-28 17:18:18');

-- --------------------------------------------------------

--
-- Table structure for table `staff_type`
--

CREATE TABLE `staff_type` (
  `staff_type_id` int(10) NOT NULL,
  `staff_type` varchar(100) NOT NULL
) ENGINE=InnoDB DEFAULT CHARSET=latin1 COLLATE=latin1_swedish_ci;

--
-- Dumping data for table `staff_type`
--

INSERT INTO `staff_type` (`staff_type_id`, `staff_type`) VALUES
(1, 'Manager'),
(2, 'Housekeeping Manager'),
(3, 'Front Desk Receptionist'),
(4, 'Cheif'),
(5, 'Waiter'),
(6, 'Room Attendant'),
(7, 'Concierge'),
(8, 'Hotel Maintenance Engineer'),
(9, 'Hotel Sales Manager');

-- --------------------------------------------------------

--
-- Table structure for table `user`
--

CREATE TABLE `user` (
  `id` int(11) NOT NULL,
  `name` varchar(100) NOT NULL,
  `username` varchar(50) NOT NULL,
  `email` varchar(100) NOT NULL,
  `password` varchar(100) NOT NULL,
  `created_at` timestamp NOT NULL DEFAULT current_timestamp()
) ENGINE=InnoDB DEFAULT CHARSET=latin1 COLLATE=latin1_swedish_ci;

--
-- Dumping data for table `user`
--

INSERT INTO `user` (`id`, `name`, `username`, `email`, `password`, `created_at`) VALUES
(1, 'Abad Hussain', 'abadhussain0107@gmail.com', 'abadhussain0107@gmail.com', '21232f297a57a5a743894a0e4a801fc3', '2022-07-27 05:24:24');

--
-- Indexes for dumped tables
--

--
-- Indexes for table `booking`
--
ALTER TABLE `booking`
  ADD PRIMARY KEY (`booking_id`),
  ADD KEY `customer_id` (`customer_id`),
  ADD KEY `room_id` (`room_id`);

--
-- Indexes for table `complaint`
--
ALTER TABLE `complaint`
  ADD PRIMARY KEY (`id`);

--
-- Indexes for table `customer`
--
ALTER TABLE `customer`
  ADD PRIMARY KEY (`customer_id`),
  ADD KEY `customer_id_type` (`id_card_type_id`);

--
-- Indexes for table `emp_history`
--
ALTER TABLE `emp_history`
  ADD PRIMARY KEY (`id`),
  ADD KEY `emp_id` (`emp_id`),
  ADD KEY `shift_id` (`shift_id`);

--
-- Indexes for table `id_card_type`
--
ALTER TABLE `id_card_type`
  ADD PRIMARY KEY (`id_card_type_id`);

--
-- Indexes for table `room`
--
ALTER TABLE `room`
  ADD PRIMARY KEY (`room_id`),
  ADD KEY `room_type_id` (`room_type_id`);

--
-- Indexes for table `room_type`
--
ALTER TABLE `room_type`
  ADD PRIMARY KEY (`room_type_id`);

--
-- Indexes for table `shift`
--
ALTER TABLE `shift`
  ADD PRIMARY KEY (`shift_id`);

--
-- Indexes for table `staff`
--
ALTER TABLE `staff`
  ADD PRIMARY KEY (`emp_id`),
  ADD KEY `id_card_type` (`id_card_type`),
  ADD KEY `shift_id` (`shift_id`),
  ADD KEY `staff_type_id` (`staff_type_id`);

--
-- Indexes for table `staff_type`
--
ALTER TABLE `staff_type`
  ADD PRIMARY KEY (`staff_type_id`);

--
-- Indexes for table `user`
--
ALTER TABLE `user`
  ADD PRIMARY KEY (`id`);

--
-- AUTO_INCREMENT for dumped tables
--

--
-- AUTO_INCREMENT for table `booking`
--
ALTER TABLE `booking`
  MODIFY `booking_id` int(10) NOT NULL AUTO_INCREMENT, AUTO_INCREMENT=5;

--
-- AUTO_INCREMENT for table `complaint`
--
ALTER TABLE `complaint`
  MODIFY `id` int(11) NOT NULL AUTO_INCREMENT, AUTO_INCREMENT=6;

--
-- AUTO_INCREMENT for table `customer`
--
ALTER TABLE `customer`
  MODIFY `customer_id` int(10) NOT NULL AUTO_INCREMENT, AUTO_INCREMENT=5;

--
-- AUTO_INCREMENT for table `emp_history`
--
ALTER TABLE `emp_history`
  MODIFY `id` int(11) NOT NULL AUTO_INCREMENT, AUTO_INCREMENT=5;

--
-- AUTO_INCREMENT for table `id_card_type`
--
ALTER TABLE `id_card_type`
  MODIFY `id_card_type_id` int(10) NOT NULL AUTO_INCREMENT, AUTO_INCREMENT=5;

--
-- AUTO_INCREMENT for table `room`
--
ALTER TABLE `room`
  MODIFY `room_id` int(10) NOT NULL AUTO_INCREMENT, AUTO_INCREMENT=11;

--
-- AUTO_INCREMENT for table `room_type`
--
ALTER TABLE `room_type`
  MODIFY `room_type_id` int(10) NOT NULL AUTO_INCREMENT, AUTO_INCREMENT=11;

--
-- AUTO_INCREMENT for table `shift`
--
ALTER TABLE `shift`
  MODIFY `shift_id` int(10) NOT NULL AUTO_INCREMENT, AUTO_INCREMENT=5;

--
-- AUTO_INCREMENT for table `staff`
--
ALTER TABLE `staff`
  MODIFY `emp_id` int(11) NOT NULL AUTO_INCREMENT, AUTO_INCREMENT=4;

--
-- AUTO_INCREMENT for table `staff_type`
--
ALTER TABLE `staff_type`
  MODIFY `staff_type_id` int(10) NOT NULL AUTO_INCREMENT, AUTO_INCREMENT=10;

--
-- AUTO_INCREMENT for table `user`
--
ALTER TABLE `user`
  MODIFY `id` int(11) NOT NULL AUTO_INCREMENT, AUTO_INCREMENT=2;

--
-- Constraints for dumped tables
--

--
-- Constraints for table `booking`
--
ALTER TABLE `booking`
  ADD CONSTRAINT `booking_ibfk_1` FOREIGN KEY (`customer_id`) REFERENCES `customer` (`customer_id`),
  ADD CONSTRAINT `booking_ibfk_2` FOREIGN KEY (`room_id`) REFERENCES `room` (`room_id`);

--
-- Constraints for table `customer`
--
ALTER TABLE `customer`
  ADD CONSTRAINT `customer_ibfk_1` FOREIGN KEY (`id_card_type_id`) REFERENCES `id_card_type` (`id_card_type_id`);

--
-- Constraints for table `emp_history`
--
ALTER TABLE `emp_history`
  ADD CONSTRAINT `emp_history_ibfk_1` FOREIGN KEY (`emp_id`) REFERENCES `staff` (`emp_id`),
  ADD CONSTRAINT `emp_history_ibfk_2` FOREIGN KEY (`shift_id`) REFERENCES `shift` (`shift_id`);

--
-- Constraints for table `room`
--
ALTER TABLE `room`
  ADD CONSTRAINT `room_ibfk_1` FOREIGN KEY (`room_type_id`) REFERENCES `room_type` (`room_type_id`);

--
-- Constraints for table `staff`
--
ALTER TABLE `staff`
  ADD CONSTRAINT `staff_ibfk_1` FOREIGN KEY (`id_card_type`) REFERENCES `id_card_type` (`id_card_type_id`),
  ADD CONSTRAINT `staff_ibfk_2` FOREIGN KEY (`shift_id`) REFERENCES `shift` (`shift_id`),
  ADD CONSTRAINT `staff_ibfk_3` FOREIGN KEY (`staff_type_id`) REFERENCES `staff_type` (`staff_type_id`);
COMMIT;

/*!40101 SET CHARACTER_SET_CLIENT=@OLD_CHARACTER_SET_CLIENT */;
/*!40101 SET CHARACTER_SET_RESULTS=@OLD_CHARACTER_SET_RESULTS */;
/*!40101 SET COLLATION_CONNECTION=@OLD_COLLATION_CONNECTION */;
